Frame	X1	Y1	Flag1	X2	Y2	Flag2	X3	Y3	Flag3	X4	Y4	Flag4	X5	Y5	Flag5	X6	Y6	Flag6	X7	Y7	Flag7	X8	Y8	Flag8
Tracks 1 to 8
1	160.42212	22.299463	 	252.44667	0.9266667	 	 	 	 	 	 	 	 	 	 	 	 	 	 	 	 	 	 	 
2	160.42928	22.312891	 	251.06828	0.9140969	 	 	 	 	 	 	 	 	 	 	 	 	 	 	 	 	 	 	 
3	160.44023	22.367083	 	251.91176	0.9027149	 	 	 	 	 	 	 	 	 	 	 	 	 	 	 	 	 	 	 
4	160.36708	22.356379	 	251.46902	0.9159292	 	 	 	 	 	 	 	 	 	 	 	 	 	 	 	 	 	 	 
5	160.22089	22.342667	 	252.6892	0.9189189	 	 	 	 	 	 	 	 	 	 	 	 	 	 	 	 	 	 	 
6	160.27196	22.357143	 	252.8801	0.91628957	 	 	 	 	 	 	 	 	 	 	 	 	 	 	 	 	 	 	 
7	160.3435	22.388594	 	251.68303	0.91071427	 	 	 	 	 	 	 	 	 	 	 	 	 	 	 	 	 	 	 
8	160.35866	22.45318	 	251.49103	0.90358746	 	 	 	 	 	 	 	 	 	 	 	 	 	 	 	 	 	 	 
9	160.38605	22.484098	 	253.0591	0.9136364	 	 	 	 	 	 	 	 	 	 	 	 	 	 	 	 	 	 	 
10	160.35979	22.487654	 	251.26106	0.91150445	 	 	 	 	 	 	 	 	 	 	 	 	 	 	 	 	 	 	 
11	160.25902	22.490326	 	251.63274	0.9159292	 	 	 	 	 	 	 	 	 	 	 	 	 	 	 	 	 	 	 
12	160.26897	22.518518	 	251.8689	0.9177778	 	 	 	 	 	 	 	 	 	 	 	 	 	 	 	 	 	 	 
13	160.29453	22.521164	 	251.86	0.9177778	 	 	 	 	 	 	 	 	 	 	 	 	 	 	 	 	 	 	 
14	160.2723	22.552958	 	251.8689	0.9177778	 	 	 	 	 	 	 	 	 	 	 	 	 	 	 	 	 	 	 
15	160.33777	22.513298	 	251.8689	0.9177778	 	 	 	 	 	 	 	 	 	 	 	 	 	 	 	 	 	 	 
16	160.3177	22.530973	 	251.44714	0.9185022	 	 	 	 	 	 	 	 	 	 	 	 	 	 	 	 	 	 	 
17	160.40337	22.534575	 	252.6892	0.9189189	 	 	 	 	 	 	 	 	 	 	 	 	 	 	 	 	 	 	 
18	160.45749	22.523914	 	251.8689	0.9177778	 	 	 	 	 	 	 	 	 	 	 	 	 	 	 	 	 	 	 
19	160.43251	22.50888	 	251.7018	0.90807176	 	 	 	 	 	 	 	 	 	 	 	 	 	 	 	 	 	 	 
20	160.43777	22.502666	 	252.28027	0.91704035	 	 	 	 	 	 	 	 	 	 	 	 	 	 	 	 	 	 	 
21	160.476	22.526667	 	252.90454	0.9136364	 	 	 	 	 	 	 	 	 	 	 	 	 	 	 	 	 	 	 
22	160.52309	22.50533	 	251.0689	0.90444446	 	 	 	 	 	 	 	 	 	 	 	 	 	 	 	 	 	 	 
23	160.48933	22.534666	 	252.1036	0.9099099	 	 	 	 	 	 	 	 	 	 	 	 	 	 	 	 	 	 	 
24	160.52576	22.550621	 	252.08296	0.91255605	 	 	 	 	 	 	 	 	 	 	 	 	 	 	 	 	 	 	 
25	160.50624	22.551693	 	251.7018	0.90807176	 	 	 	 	 	 	 	 	 	 	 	 	 	 	 	 	 	 	 
26	160.51068	22.559608	 	251.64978	0.9229075	 	 	 	 	 	 	 	 	 	 	 	 	 	 	 	 	 	 	 
27	160.53737	22.590748	 	252.24222	0.9222222	 	 	 	 	 	 	 	 	 	 	 	 	 	 	 	 	 	 	 
28	160.53372	22.636646	 	251.26106	0.91150445	 	 	 	 	 	 	 	 	 	 	 	 	 	 	 	 	 	 	 
29	160.53117	22.698576	 	251.28223	0.9088889	 	 	 	 	 	 	 	 	 	 	 	 	 	 	 	 	 	 	 
30	160.39038	22.734404	 	251.68303	0.91071427	 	 	 	 	 	 	 	 	 	 	 	 	 	 	 	 	 	 	 
31	160.36287	22.808104	 	251.28223	0.9088889	 	 	 	 	 	 	 	 	 	 	 	 	 	 	 	 	 	 	 
32	160.30838	22.844028	 	250.68062	0.90969163	 	 	 	 	 	 	 	 	 	 	 	 	 	 	 	 	 	 	 
33	160.29414	22.860249	 	251.28223	0.9088889	 	 	 	 	 	 	 	 	 	 	 	 	 	 	 	 	 	 	 
34	160.35168	22.936945	 	251.509	0.9009009	 	 	 	 	 	 	 	 	 	 	 	 	 	 	 	 	 	 	 
35	160.36476	22.969751	 	252.28923	0.91704035	 	 	 	 	 	 	 	 	 	 	 	 	 	 	 	 	 	 	 
36	160.38582	23.061998	 	251.91176	0.9027149	 	 	 	 	 	 	 	 	 	 	 	 	 	 	 	 	 	 	 
37	160.20384	23.052185	 	252.6892	0.9189189	 	 	 	 	 	 	 	 	 	 	 	 	 	 	 	 	 	 	 
38	160.0601	23.04853	 	251.68303	0.91071427	 	 	 	 	 	 	 	 	 	 	 	 	 	 	 	 	 	 	 
39	160.01158	23.13458	 	252.31363	0.9045454	 	 	 	 	 	 	 	 	 	 	 	 	 	 	 	 	 	 	 
40	159.874	23.169636	 	252.6892	0.9189189	 	 	 	 	 	 	 	 	 	 	 	 	 	 	 	 	 	 	 
41	159.86348	23.313787	 	252.8801	0.91628957	 	 	 	 	 	 	 	 	 	 	 	 	 	 	 	 	 	 	 
42	159.77216	23.380932	 	251.68303	0.91071427	 	 	 	 	 	 	 	 	 	 	 	 	 	 	 	 	 	 	 
43	159.60437	23.390276	 	252.1036	0.9099099	 	 	 	 	 	 	 	 	 	 	 	 	 	 	 	 	 	 	 
44	159.5	23.400982	 	252.24222	0.9222222	 	 	 	 	 	 	 	 	 	 	 	 	 	 	 	 	 	 	 
45	159.534	23.476744	 	251.26106	0.91150445	 	 	 	 	 	 	 	 	 	 	 	 	 	 	 	 	 	 	 
46	159.38373	23.440966	 	251.89189	0.9054054	 	 	 	 	 	 	 	 	 	 	 	 	 	 	 	 	 	 	 
47	159.33095	23.448122	 	251.6741	0.91071427	 	 	 	 	 	 	 	 	 	 	 	 	 	 	 	 	 	 	 
48	159.33185	23.456171	 	252.08296	0.91255605	 	 	 	 	 	 	 	 	 	 	 	 	 	 	 	 	 	 	 
49	159.37074	23.469479	 	252.6629	0.9117647	 	 	 	 	 	 	 	 	 	 	 	 	 	 	 	 	 	 	 
50	159.33678	23.419283	 	251.7018	0.90807176	 	 	 	 	 	 	 	 	 	 	 	 	 	 	 	 	 	 	 
51	159.36859	23.41089	 	252.1036	0.9099099	 	 	 	 	 	 	 	 	 	 	 	 	 	 	 	 	 	 	 
52	159.45882	23.348701	 	252.70361	0.91628957	 	 	 	 	 	 	 	 	 	 	 	 	 	 	 	 	 	 	 
53	159.48651	23.323742	 	252.33105	0.9018265	 	 	 	 	 	 	 	 	 	 	 	 	 	 	 	 	 	 	 
54	159.46512	23.234346	 	252.08296	0.91255605	 	 	 	 	 	 	 	 	 	 	 	 	 	 	 	 	 	 	 
55	159.5602	23.179245	 	251.8677	0.90807176	 	 	 	 	 	 	 	 	 	 	 	 	 	 	 	 	 	 	 
56	159.66054	23.116144	 	252.08296	0.91255605	 	 	 	 	 	 	 	 	 	 	 	 	 	 	 	 	 	 	 
57	159.67831	22.990143	 	252.90454	0.9136364	 	 	 	 	 	 	 	 	 	 	 	 	 	 	 	 	 	 	 
58	159.79301	22.910395	 	252.08296	0.91255605	 	 	 	 	 	 	 	 	 	 	 	 	 	 	 	 	 	 	 
59	159.90831	22.8514	 	252.8801	0.91628957	 	 	 	 	 	 	 	 	 	 	 	 	 	 	 	 	 	 	 
60	159.9973	22.834532	 	252.45515	0.91704035	 	 	 	 	 	 	 	 	 	 	 	 	 	 	 	 	 	 	 
61	160.0858	22.708447	 	251.46902	0.9159292	 	 	 	 	 	 	 	 	 	 	 	 	 	 	 	 	 	 	 
62	160.05725	22.625223	 	252.28923	0.91704035	 	 	 	 	 	 	 	 	 	 	 	 	 	 	 	 	 	 	 
63	160.0914	22.551075	 	252.08296	0.91255605	 	 	 	 	 	 	 	 	 	 	 	 	 	 	 	 	 	 	 
64	160.13457	22.470297	 	252.05803	0.9151786	 	 	 	 	 	 	 	 	 	 	 	 	 	 	 	 	 	 	 
65	160.05655	22.397667	 	252.1036	0.9099099	 	 	 	 	 	 	 	 	 	 	 	 	 	 	 	 	 	 	 
66	160.00362	22.366426	 	251.92728	0.9	 	 	 	 	 	 	 	 	 	 	 	 	 	 	 	 	 	 	 
67	160.0036	22.42536	 	252.50453	0.9117647	 	 	 	 	 	 	 	 	 	 	 	 	 	 	 	 	 	 	 
68	159.9314	22.438116	 	252.52272	0.90909094	 	 	 	 	 	 	 	 	 	 	 	 	 	 	 	 	 	 	 
69	159.89192	22.53139	 	252.50453	0.9117647	 	 	 	 	 	 	 	 	 	 	 	 	 	 	 	 	 	 	 
70	159.75267	22.53114	 	251.71622	0.9054054	 	 	 	 	 	 	 	 	 	 	 	 	 	 	 	 	 	 	 
71	159.7241	22.653572	 	251.7018	0.90807176	 	 	 	 	 	 	 	 	 	 	 	 	 	 	 	 	 	 	 
72	159.49554	22.723907	 	252.1036	0.9099099	 	 	 	 	 	 	 	 	 	 	 	 	 	 	 	 	 	 	 
73	159.37814	22.821684	 	251.509	0.9009009	 	 	 	 	 	 	 	 	 	 	 	 	 	 	 	 	 	 	 
74	159.05176	22.928442	 	252.08296	0.91255605	 	 	 	 	 	 	 	 	 	 	 	 	 	 	 	 	 	 	 
75	158.87737	22.980682	 	251.89189	0.9054054	 	 	 	 	 	 	 	 	 	 	 	 	 	 	 	 	 	 	 
76	158.78905	23.056553	 	251.2991	0.90625	 	 	 	 	 	 	 	 	 	 	 	 	 	 	 	 	 	 	 
77	158.77118	23.138716	 	252.31363	0.9045454	 	 	 	 	 	 	 	 	 	 	 	 	 	 	 	 	 	 	 
78	158.80322	23.33542	 	251.46902	0.9159292	 	 	 	 	 	 	 	 	 	 	 	 	 	 	 	 	 	 	 
79	158.83691	23.515232	 	251.49103	0.90358746	 	 	 	 	 	 	 	 	 	 	 	 	 	 	 	 	 	 	 
80	158.5781	23.527828	 	251.8677	0.90807176	 	 	 	 	 	 	 	 	 	 	 	 	 	 	 	 	 	 	 
81	158.54317	23.551258	 	251.91176	0.9027149	 	 	 	 	 	 	 	 	 	 	 	 	 	 	 	 	 	 	 
82	158.5747	23.623312	 	252.29185	0.9072398	 	 	 	 	 	 	 	 	 	 	 	 	 	 	 	 	 	 	 
83	158.6045	23.687387	 	252.9	0.9136364	 	 	 	 	 	 	 	 	 	 	 	 	 	 	 	 	 	 	 
84	158.77689	23.829748	 	252.32648	0.9018265	 	 	 	 	 	 	 	 	 	 	 	 	 	 	 	 	 	 	 
85	158.90578	23.88954	 	252.71461	0.9063927	 	 	 	 	 	 	 	 	 	 	 	 	 	 	 	 	 	 	 
86	158.74707	23.813797	 	252.26576	0.9099099	 	 	 	 	 	 	 	 	 	 	 	 	 	 	 	 	 	 	 
87	158.82646	23.992376	 	252.1199	0.9072398	 	 	 	 	 	 	 	 	 	 	 	 	 	 	 	 	 	 	 
88	158.94595	24.082884	 	252.1036	0.9099099	 	 	 	 	 	 	 	 	 	 	 	 	 	 	 	 	 	 	 
89	159.09677	24.180107	 	252.73395	0.9036697	 	 	 	 	 	 	 	 	 	 	 	 	 	 	 	 	 	 	 
90	159.16188	24.299103	 	251.92728	0.9	 	 	 	 	 	 	 	 	 	 	 	 	 	 	 	 	 	 	 
91	159.36578	24.466223	 	251.91176	0.9027149	 	 	 	 	 	 	 	 	 	 	 	 	 	 	 	 	 	 	 
92	159.39291	24.552212	 	252.08296	0.91255605	 	 	 	 	 	 	 	 	 	 	 	 	 	 	 	 	 	 	 
93	159.58177	24.75689	 	252.26785	0.91964287	 	 	 	 	 	 	 	 	 	 	 	 	 	 	 	 	 	 	 
94	159.6655	25.067781	 	251.68303	0.91071427	 	 	 	 	 	 	 	 	 	 	 	 	 	 	 	 	 	 	 
95	159.9	25.484211	 	251.89189	0.9054054	 	 	 	 	 	 	 	 	 	 	 	 	 	 	 	 	 	 	 
96	160.2227	26.139515	 	251.92728	0.9	 	 	 	 	 	 	 	 	 	 	 	 	 	 	 	 	 	 	 
97	160.69128	26.841589	 	252.6892	0.9189189	 	 	 	 	 	 	 	 	 	 	 	 	 	 	 	 	 	 	 
98	161.14076	27.789892	 	252.31363	0.9045454	 	 	 	 	 	 	 	 	 	 	 	 	 	 	 	 	 	 	 
99	 	 	 	251.92728	0.9	 	 	 	 	 	 	 	 	 	 	 	 	 	 	 	 	 	 	 
100	 	 	 	252.71461	0.9063927	 	 	 	 	 	 	 	 	 	 	 	 	 	 	 	 	 	 	 
101	 	 	 	252.6909	0.90909094	 	 	 	 	 	 	 	 	 	 	 	 	 	 	 	 	 	 	 
102	 	 	 	252.11644	0.89726025	 	160.31537	17.396603	 	165.47003	48.10568	 	 	 	 	 	 	 	 	 	 	 	 	 
103	 	 	 	252.92465	0.9109589	 	160.8716	17.031721	*	165.55087	51.67806	*	 	 	 	 	 	 	 	 	 	 	 	 
104	 	 	 	252.50453	0.9117647	 	161.05505	16.551283	*	165.69807	55.5	*	 	 	 	 	 	 	 	 	 	 	 	 
105	 	 	 	251.91176	0.9027149	 	161.7185	16.330046	*	165.77786	59.53554	*	 	 	 	 	 	 	 	 	 	 	 	 
106	 	 	 	252.52272	0.90909094	 	162.40854	15.998476	*	165.82793	64.001625	*	 	 	 	 	 	 	 	 	 	 	 	 
107	 	 	 	252.29185	0.9072398	 	162.8871	15.747312	*	165.93279	68.70492	 	 	 	 	 	 	 	 	 	 	 	 	 
108	 	 	 	252.6909	0.90909094	 	163.37267	15.298137	 	165.94131	73.81901	 	 	 	 	 	 	 	 	 	 	 	 	 
109	 	 	 	252.6892	0.9189189	 	163.9232	15.018808	 	166.0	79.25908	 	 	 	 	 	 	 	 	 	 	 	 	 
110	 	 	 	252.28923	0.91704035	 	164.34311	14.675911	 	166.12857	84.88655	 	 	 	 	 	 	 	 	 	 	 	 	 
111	 	 	 	252.71461	0.9063927	 	164.99841	14.454114	 	166.17966	90.88814	 	 	 	 	 	 	 	 	 	 	 	 	 
112	 	 	 	251.92728	0.9	 	165.36076	14.147152	 	166.28705	97.150764	 	 	 	 	 	 	 	 	 	 	 	 	 
113	 	 	 	251.91176	0.9027149	 	165.7201	13.854067	 	166.30724	103.945786	 	 	 	 	 	 	 	 	 	 	 	 	 
114	 	 	 	252.1036	0.9099099	 	166.07393	13.624006	 	166.38348	110.884346	 	 	 	 	 	 	 	 	 	 	 	 	 
115	 	 	 	251.46902	0.9159292	 	166.66614	13.472843	 	166.40701	118.05965	 	 	 	 	 	 	 	 	 	 	 	 	 
116	 	 	 	251.91176	0.9027149	 	166.76418	13.264992	 	166.47144	125.66071	 	 	 	 	 	 	 	 	 	 	 	 	 
117	 	 	 	251.8884	0.9151786	 	167.01282	13.169871	 	166.53964	133.58829	 	 	 	 	 	 	 	 	 	 	 	 	 
118	 	 	 	252.31363	0.9045454	 	167.0259	13.046926	 	166.573	141.7719	 	 	 	 	 	 	 	 	 	 	 	 	 
119	 	 	 	251.92728	0.9	 	167.01462	12.928572	 	166.60905	150.4427	 	 	 	 	 	 	 	 	 	 	 	 	 
120	 	 	 	251.89189	0.9054054	 	167.07605	12.925567	 	166.64018	159.18785	 	 	 	 	 	 	 	 	 	 	 	 	 
121	 	 	 	251.509	0.9009009	 	167.00325	12.899351	 	166.8093	168.46016	 	 	 	 	 	 	 	 	 	 	 	 	 
122	 	 	 	252.08296	0.91255605	 	167.05936	12.922764	 	166.74568	178.00288	 	 	 	 	 	 	 	 	 	 	 	 	 
123	 	 	 	251.89189	0.9054054	 	167.00162	12.96602	 	166.78767	187.85225	 	 	 	 	 	 	 	 	 	 	 	 	 
124	 	 	 	252.26785	0.91964287	 	166.84734	13.008885	 	166.8819	197.90552	 	 	 	 	 	 	 	 	 	 	 	 	 
125	 	 	 	251.8689	0.9177778	 	166.80421	13.092233	 	166.85516	208.44643	 	 	 	 	 	 	 	 	 	 	 	 	 
126	 	 	 	251.91176	0.9027149	 	166.562	13.155791	 	166.98373	219.11992	 	 	 	 	 	 	 	 	 	 	 	 	 
127	 	 	 	252.6384	0.92410713	 	166.27235	13.231708	 	166.97975	230.30365	 	 	 	 	 	 	 	 	 	 	 	 	 
128	 	 	 	252.07399	0.91255605	 	166.0756	13.273984	 	167.05693	241.68427	 	 	 	 	 	 	 	 	 	 	 	 	 
129	 	 	 	251.71622	0.9054054	 	165.92484	13.34804	 	167.06723	253.35085	 	 	 	 	 	 	 	 	 	 	 	 	 
130	 	 	 	251.7018	0.90807176	 	165.93019	13.420455	 	167.04565	265.4554	 	 	 	 	 	 	 	 	 	 	 	 	 
131	 	 	 	252.1036	0.9099099	 	165.8679	13.441653	 	167.12875	277.794	 	 	 	 	 	 	 	 	 	 	 	 	 
132	 	 	 	252.50453	0.9117647	 	165.87134	13.483713	 	167.17615	290.3906	 	 	 	 	 	 	 	 	 	 	 	 	 
133	 	 	 	251.89189	0.9054054	 	165.72058	13.486928	 	167.22787	303.4624	 	 	 	 	 	 	 	 	 	 	 	 	 
134	 	 	 	252.50453	0.9117647	 	165.56393	13.460656	 	167.23767	316.69507	 	 	 	 	 	 	 	 	 	 	 	 	 
135	 	 	 	252.90454	0.9136364	 	165.70723	13.355263	 	167.32837	330.37872	 	 	 	 	 	 	 	 	 	 	 	 	 
136	 	 	 	252.71461	0.9063927	 	165.7745	13.302288	 	167.27263	344.34222	 	 	 	 	 	 	 	 	 	 	 	 	 
137	 	 	 	253.13594	0.90553	 	165.85843	13.241407	 	167.28654	358.5	 	 	 	 	 	 	 	 	 	 	 	 	 
138	 	 	 	252.1199	0.9072398	 	165.89934	13.135025	 	167.26723	372.97745	 	 	 	 	 	 	 	 	 	 	 	 	 
139	 	 	 	251.7018	0.90807176	 	166.08873	13.052238	 	167.38406	387.90097	 	 	 	 	 	 	 	 	 	 	 	 	 
140	 	 	 	251.49103	0.90358746	 	166.46205	12.981848	 	167.43843	402.99014	 	 	 	 	 	 	 	 	 	 	 	 	 
141	 	 	 	251.89189	0.9054054	 	166.47205	12.838816	 	167.21106	418.4774	 	301.02426	670.68933	 	 	 	 	 	 	 	 	 	 
142	 	 	 	251.8689	0.9177778	 	166.71927	12.747508	 	167.41272	434.12595	 	301.3673	670.0877	 	 	 	 	 	 	 	 	 	 
143	 	 	 	251.68303	0.91071427	 	166.64476	12.594842	 	167.34674	450.25125	 	301.5591	670.66254	 	 	 	 	 	 	 	 	 	 
144	 	 	 	251.89189	0.9054054	 	166.87251	12.54139	 	167.3766	466.52057	 	301.63525	670.33575	 	 	 	 	 	 	 	 	 	 
145	 	 	 	252.26785	0.91964287	 	167.00084	12.365996	 	167.57732	483.17526	 	301.67142	670.14764	 	 	 	 	 	 	 	 	 	 
146	 	 	 	252.48198	0.9144144	 	167.10469	12.332496	 	167.45526	500.08685	 	301.28	670.58	 	 	 	 	 	 	 	 	 	 
147	 	 	 	251.509	0.9009009	 	167.1689	12.250836	 	167.50266	517.2613	 	301.27316	670.4537	 	 	 	 	 	 	 	 	 	 
148	 	 	 	251.91176	0.9027149	 	167.1605	12.212605	 	167.53467	534.68933	 	300.94174	670.9126	 	 	 	 	 	 	 	 	 	 
149	 	 	 	252.28923	0.91704035	 	167.18907	12.093277	 	167.62129	552.47034	 	300.92273	670.5409	 	 	 	 	 	 	 	 	 	 
150	 	 	 	252.31363	0.9045454	 	167.35329	12.081787	 	167.63315	570.44836	 	301.45215	670.38995	 	 	 	 	 	 	 	 	 	 
151	 	 	 	251.509	0.9009009	 	167.51175	12.045302	 	167.6566	588.8736	 	301.14734	670.78986	 	 	 	 	 	 	 	 	 	 
152	 	 	 	252.26126	0.9144144	 	167.4245	11.983221	 	167.44551	607.4591	 	 	 	 	 	 	 	 	 	 	 	 	 
153	 	 	 	251.06444	0.9088889	 	167.3165	11.924242	 	167.637	627.9406	 	 	 	 	 	 	 	 	 	 	 	 	 
154	 	 	 	 	 	 	190.63431	8.893163	 	167.6978	643.46094	 	 	 	 	 	 	 	 	 	 	 	 	 
155	 	 	 	 	 	 	190.47565	8.859318	 	167.72758	630.8862	 	 	 	 	 	 	 	 	 	 	 	 	 
156	 	 	 	 	 	 	190.49396	8.82769	 	167.88446	619.3466	 	 	 	 	 	 	 	 	 	 	 	 	 
157	 	 	 	 	 	 	190.34122	8.850303	 	167.93713	609.34717	 	 	 	 	 	 	 	 	 	 	 	 	 
158	 	 	 	 	 	 	190.27751	8.811243	 	167.94788	599.67377	 	 	 	 	 	 	 	 	 	 	 	 	 
159	 	 	 	 	 	 	189.85782	8.835308	 	167.98062	590.27905	 	 	 	 	 	 	 	 	 	 	 	 	 
160	 	 	 	 	 	 	166.66194	12.062604	 	168.13219	581.182	 	 	 	 	 	 	 	 	 	 	 	 	 
161	 	 	 	 	 	 	166.8339	12.092282	 	168.46	572.1857	 	 	 	 	 	 	 	 	 	 	 	 	 
162	 	 	 	 	 	 	166.56198	12.12814	 	168.47566	563.85016	 	 	 	 	 	 	 	 	 	 	 	 	 
163	 	 	 	 	 	 	166.22397	12.23719	 	168.49258	555.7746	 	 	 	 	 	 	 	 	 	 	 	 	 
164	 	 	 	 	 	 	189.2901	9.045991	 	168.55185	547.887	 	 	 	 	 	 	 	 	 	 	 	 	 
165	 	 	 	 	 	 	166.04636	12.314569	 	168.7214	540.31366	 	 	 	 	 	 	 	 	 	 	 	 	 
166	 	 	 	 	 	 	166.02571	12.383914	 	168.83879	532.9572	 	 	 	 	 	 	 	 	 	 	 	 	 
167	 	 	 	 	 	 	189.1256	9.138625	 	168.91907	526.0665	 	 	 	 	 	 	 	 	 	 	 	 	 
168	 	 	 	 	 	 	189.35411	9.089412	 	168.90958	519.5053	 	 	 	 	 	 	 	 	 	 	 	 	 
169	 	 	 	 	 	 	165.79851	12.425373	 	169.02043	513.11456	 	 	 	 	 	 	 	 	 	 	 	 	 
170	 	 	 	 	 	 	165.9097	12.40301	 	169.12544	507.02298	 	 	 	 	 	 	 	 	 	 	 	 	 
171	 	 	 	 	 	 	165.93239	12.374791	 	169.13002	501.31674	 	 	 	 	 	 	 	 	 	 	 	 	 
172	 	 	 	 	 	 	189.22156	9.084124	 	169.29861	495.9514	 	 	 	 	 	 	 	 	 	 	 	 	 
173	 	 	 	 	 	 	189.38048	9.040829	 	169.3487	490.92783	 	 	 	 	 	 	 	 	 	 	 	 	 
174	 	 	 	 	 	 	166.14558	12.21381	 	169.52768	486.00345	 	 	 	 	 	 	 	 	 	 	 	 	 
175	 	 	 	 	 	 	166.41167	12.155	 	169.53395	481.4966	 	 	 	 	 	 	 	 	 	 	 	 	 
176	 	 	 	 	 	 	166.33194	12.0856905	 	169.54898	477.42737	 	 	 	 	 	 	 	 	 	 	 	 	 
177	 	 	 	 	 	 	166.52667	11.916667	 	169.69322	473.5678	 	 	 	 	 	 	 	 	 	 	 	 	 
178	 	 	 	 	 	 	166.69966	11.865772	 	169.83786	470.00934	 	 	 	 	 	 	 	 	 	 	 	 	 
179	 	 	 	 	 	 	189.79877	8.918518	 	169.97731	466.65128	 	 	 	 	 	 	 	 	 	 	 	 	 
180	 	 	 	 	 	 	190.00925	8.820592	 	169.95638	463.89093	 	 	 	 	 	 	 	 	 	 	 	 	 
181	 	 	 	 	 	 	190.37105	8.639903	 	169.97841	461.2525	 	 	 	 	 	 	 	 	 	 	 	 	 
182	 	 	 	 	 	 	190.56413	8.431116	 	170.033	459.04456	 	 	 	 	 	 	 	 	 	 	 	 	 
183	 	 	 	 	 	 	190.99156	8.322891	 	170.05025	457.06012	 	 	 	 	 	 	 	 	 	 	 	 	 
184	 	 	 	 	 	 	190.81146	8.260143	 	170.2234	455.35925	 	 	 	 	 	 	 	 	 	 	 	 	 
185	 	 	 	 	 	 	191.208	8.138856	 	170.11818	454.18265	 	 	 	 	 	 	 	 	 	 	 	 	 
186	 	 	 	 	 	 	191.44252	8.0101795	 	170.22578	453.05994	 	 	 	 	 	 	 	 	 	 	 	 	 
187	 	 	 	 	 	 	191.51917	7.9898205	 	170.32178	452.34982	 	 	 	 	 	 	 	 	 	 	 	 	 
188	 	 	 	 	 	 	191.71744	7.997543	 	170.41298	451.7939	 	 	 	 	 	 	 	 	 	 	 	 	 
189	 	 	 	 	 	 	191.55722	7.9054728	 	170.472	451.6977	 	 	 	 	301.64563	670.24756	 	 	 	 	 	 	 
190	 	 	 	 	 	 	191.83992	7.8349814	 	170.54099	451.97705	 	 	 	 	301.37625	670.65344	 	 	 	 	 	 	 
191	 	 	 	 	 	 	191.70421	7.8267326	 	170.64778	452.46222	 	 	 	 	301.38834	670.5631	 	 	 	 	 	 	 
192	 	 	 	 	 	 	191.77596	7.791139	 	170.7876	453.35123	 	 	 	 	301.29105	670.59454	 	 	 	 	 	 	 
193	 	 	 	 	 	 	191.54585	7.8031845	 	170.82951	454.4033	 	 	 	 	300.97867	670.6232	 	 	 	 	 	 	 
194	 	 	 	 	 	 	191.85182	7.6689787	 	170.89503	455.9496	 	 	 	 	301.699	670.3408	 	 	 	 	 	 	 
195	 	 	 	 	 	 	192.07	7.62375	 	170.89667	457.76666	 	 	 	 	301.89423	669.99036	 	 	 	 	 	 	 
196	 	 	 	 	 	 	192.08096	7.527194	 	170.89238	459.92715	 	 	 	 	301.87018	669.9567	 	 	 	 	 	 	 
197	 	 	 	 	 	 	191.94377	7.4217606	 	170.95529	462.3477	 	 	 	 	301.3785	670.0888	 	 	 	 	 	 	 
198	 	 	 	 	 	 	192.16264	7.3827085	 	170.95667	465.265	 	 	 	 	301.201	670.4461	 	 	 	 	 	 	 
199	 	 	 	 	 	 	192.5774	7.287183	 	170.95682	468.23254	 	 	 	 	301.5936	670.2685	 	 	 	 	 	 	 
200	 	 	 	 	 	 	192.83293	7.22904	 	171.00676	471.58615	 	 	 	 	301.70193	670.1394	 	 	 	 	 	 	 
201	 	 	 	 	 	 	192.50484	7.219128	 	170.99916	475.36633	 	 	 	 	301.1766	670.90796	 	 	 	 	 	 	 
202	 	 	 	 	 	 	192.76755	7.1271186	 	170.9949	479.30273	 	 	 	 	301.38727	670.63727	 	 	 	 	 	 	 
203	 	 	 	 	 	 	193.04976	6.997573	 	171.00597	483.56644	 	 	 	 	301.355	670.725	 	 	 	 	 	 	 
204	 	 	 	 	 	 	192.63177	6.9618225	 	171.14726	488.06335	 	 	 	 	301.33575	670.5048	 	 	 	 	 	 	 
205	 	 	 	 	 	 	192.54863	6.9177055	 	171.15979	493.08936	 	 	 	 	301.19586	670.41705	 	 	 	 	 	 	 
206	 	 	 	 	 	 	192.59602	6.944302	 	171.25478	498.14868	 	 	 	 	301.10287	670.65314	 	 	 	 	 	 	 
207	 	 	 	 	 	 	192.05898	6.932051	 	171.16841	503.7548	 	 	 	 	301.2383	670.3318	 	 	 	 	 	 	 
208	 	 	 	 	 	 	192.47403	6.887013	 	171.16081	509.6406	 	 	 	 	300.92926	670.8122	 	 	 	 	 	 	 
209	 	 	 	 	 	 	192.20888	6.8146214	 	171.26855	515.7668	 	 	 	 	 	 	 	 	 	 	 	 	 
210	 	 	 	 	 	 	192.85602	6.770942	 	171.35947	522.34686	 	 	 	 	 	 	 	 	 	 	 	 	 
211	 	 	 	 	 	 	192.76631	6.671018	 	171.3309	529.1891	 	 	 	 	 	 	 	 	 	 	 	 	 
212	 	 	 	 	 	 	193.17567	6.537323	 	171.36703	536.3779	 	 	 	 	 	 	 	 	 	 	 	 	 
213	 	 	 	 	 	 	193.56752	6.466879	 	171.35191	543.69745	 	 	 	 	 	 	 	 	 	 	 	 	 
214	 	 	 	 	 	 	193.8634	6.433926	 	171.3582	551.47424	 	 	 	 	 	 	 	 	 	 	 	 	 
215	 	 	 	 	 	 	194.17342	6.3632913	 	171.3513	559.4814	 	 	 	 	 	 	 	 	 	 	 	 	 
216	 	 	 	 	 	 	194.17506	6.3236775	 	171.31285	567.9216	 	 	 	 	 	 	 	 	 	 	 	 	 
217	 	 	 	 	 	 	194.17386	6.2791877	 	171.21428	576.5658	 	 	 	 	 	 	 	 	 	 	 	 	 
218	 	 	 	 	 	 	194.28517	6.15601	 	171.37878	585.4545	 	 	 	 	 	 	 	 	 	 	 	 	 
219	 	 	 	 	 	 	194.30078	6.0627427	 	171.31178	594.77185	 	 	 	 	 	 	 	 	 	 	 	 	 
220	 	 	 	 	 	 	194.37434	5.934555	 	171.33333	604.18585	 	 	 	 	 	 	 	 	 	 	 	 	 
221	 	 	 	 	 	 	193.94238	5.8615894	 	171.35715	614.05597	 	 	 	 	 	 	 	 	 	 	 	 	 
222	 	 	 	 	 	 	194.56996	5.7469134	 	171.39784	624.9122	 	 	 	 	 	 	 	 	 	 	 	 	 
223	 	 	 	 	 	 	194.69495	5.6430573	 	171.40398	636.154	 	 	 	 	 	 	 	 	 	 	 	 	 
224	 	 	 	 	 	 	194.71246	5.51983	 	171.57584	645.1742	 	 	 	 	 	 	 	 	 	 	 	 	 
225	 	 	 	 	 	 	195.39899	5.274892	 	171.58435	636.56134	 	 	 	 	 	 	 	 	 	 	 	 	 
226	 	 	 	 	 	 	195.80377	5.0639534	 	171.83228	630.63257	 	 	 	 	 	 	 	 	 	 	 	 	 
227	 	 	 	 	 	 	196.73134	4.842606	 	171.9943	624.85236	 	 	 	 	 	 	 	 	 	 	 	 	 
228	 	 	 	 	 	 	197.91728	4.617735	 	172.19295	619.1795	 	 	 	 	 	 	 	 	 	 	 	 	 
229	 	 	 	 	 	 	199.15872	4.443368	 	172.21669	614.3769	 	 	 	 	 	 	 	 	 	 	 	 	 
230	 	 	 	 	 	 	200.43459	4.169782	 	172.58629	609.85364	 	 	 	 	 	 	 	 	 	 	 	 	 
231	 	 	 	 	 	 	200.8301	3.9757283	 	172.75249	605.49835	 	 	 	 	 	 	 	 	 	 	 	 	 
232	 	 	 	 	 	 	202.44186	3.717608	 	172.9437	601.63947	 	 	 	 	 	 	 	 	 	 	 	 	 
233	 	 	 	 	 	 	204.01013	3.5304055	 	173.0405	598.13306	 	 	 	 	 	 	 	 	 	 	 	 	 
234	 	 	 	 	 	 	205.18672	3.2858407	 	173.15512	594.73926	 	 	 	 	 	 	 	301.4005	670.6244	 	 	 	 
235	 	 	 	 	 	 	206.33333	3.0	 	173.3723	591.6111	 	 	 	 	 	 	 	301.18225	670.1028	 	 	 	 
236	 	 	 	 	 	 	207.69838	2.8319838	 	173.61382	589.0122	 	 	 	 	 	 	 	301.11502	670.5047	 	 	 	 
237	 	 	 	 	 	 	210.18777	2.569869	 	173.71417	586.58075	 	 	 	 	 	 	 	301.3209	670.7687	 	 	 	 
238	 	 	 	 	 	 	212.98718	2.3554778	 	173.9076	584.5165	 	 	 	 	 	 	 	301.00464	670.4583	 	 	 	 
239	 	 	 	 	 	 	215.37886	2.1108248	 	174.0712	582.7291	 	 	 	 	 	 	 	301.07346	670.6848	 	 	 	 
240	 	 	 	 	 	 	218.13353	1.8778409	 	174.31744	581.24634	 	 	 	 	 	 	 	300.65982	670.468	 	 	 	 
241	 	 	 	 	 	 	221.92683	1.6676829	 	174.4387	580.0597	 	 	 	 	 	 	 	301.0631	670.6019	 	 	 	 
242	 	 	 	 	 	 	227.40997	1.4710611	 	174.54355	579.25323	 	 	 	 	 	 	 	301.14252	670.4034	 	 	 	 
243	 	 	 	 	 	 	232.9132	1.28125	 	174.78847	578.8045	 	 	 	 	 	 	 	301.03885	670.79126	 	 	 	 
244	 	 	 	 	 	 	238.35228	1.1287879	 	174.92949	578.6362	 	 	 	 	 	 	 	301.43457	670.1682	 	 	 	 
245	 	 	 	 	 	 	244.36938	1.0061225	 	175.0	578.72754	 	 	 	 	 	 	 	301.2799	670.46173	 	 	 	 
246	 	 	 	 	 	 	250.24893	0.9638298	 	175.08804	579.1236	 	 	 	 	 	 	 	300.9683	670.59753	 	 	 	 
247	 	 	 	 	 	 	254.24336	0.9557522	 	175.29582	579.96625	 	 	 	 	 	 	 	301.36273	670.58826	 	 	 	 
248	 	 	 	 	 	 	255.43805	0.9734513	 	175.48712	581.0234	 	 	 	 	 	 	 	301.19116	670.7304	 	 	 	 
249	 	 	 	 	 	 	250.58583	0.92918456	 	175.59608	582.40717	 	 	 	 	 	 	 	301.39474	670.32776	 	 	 	 
250	 	 	 	 	 	 	252.13478	0.9391304	 	175.77228	584.02185	 	 	 	 	 	 	 	301.51416	670.1415	 	 	 	 
251	 	 	 	 	 	 	251.20435	0.92608696	 	175.88861	585.9699	 	 	 	 	 	 	 	 	 	 	 	 	 
252	 	 	 	 	 	 	252.21239	0.92477876	 	176.05519	588.3287	 	 	 	 	 	 	 	 	 	 	 	 	 
253	 	 	 	 	 	 	252.71461	0.9063927	 	176.16016	590.8463	 	 	 	 	 	 	 	 	 	 	 	 	 
254	 	 	 	 	 	 	253.5701	0.9018692	 	176.3569	593.6711	 	 	 	 	 	 	 	 	 	 	 	 	 
255	 	 	 	 	 	 	254.75943	0.9103774	 	176.49341	596.9102	 	 	 	 	 	 	 	 	 	 	 	 	 
256	 	 	 	 	 	 	254.75943	0.9103774	 	176.60579	600.4785	 	 	 	 	 	 	 	 	 	 	 	 	 
257	 	 	 	 	 	 	254.38516	0.8923445	 	176.82948	604.2957	 	 	 	 	 	 	 	 	 	 	 	 	 
258	 	 	 	 	 	 	254.77318	0.8804878	 	176.92715	608.4238	 	 	 	 	 	 	 	 	 	 	 	 	 
259	 	 	 	 	 	 	255.56763	0.90096617	 	177.01248	612.87274	 	 	 	 	 	 	 	 	 	 	 	 	 
260	 	 	 	 	 	 	253.15277	0.9027778	 	177.1208	617.6812	 	 	 	 	 	 	 	 	 	 	 	 	 
261	 	 	 	 	 	 	253.51382	0.91013825	 	177.21498	623.2573	 	 	 	 	 	 	 	 	 	 	 	 	 
262	 	 	 	 	 	 	252.90454	0.9136364	 	177.40967	628.95483	 	 	 	 	 	 	 	 	 	 	 	 	 
263	 	 	 	 	 	 	252.26785	0.91964287	 	177.534	634.9374	 	 	 	 	 	 	 	 	 	 	 	 	 
264	 	 	 	 	 	 	252.23778	0.9222222	 	177.77531	645.7605	 	 	 	 	 	 	 	 	 	 	 	 	 
265	 	 	 	 	 	 	251.51717	0.9420601	 	177.88171	646.8177	 	 	 	 	 	 	 	 	 	 	 	 	 
266	 	 	 	 	 	 	249.3692	0.92616034	 	177.99194	639.92755	 	 	 	 	 	 	 	 	 	 	 	 	 
267	 	 	 	 	 	 	250.1287	0.9388186	 	178.30267	636.74036	 	 	 	 	 	 	 	 	 	 	 	 	 
268	 	 	 	 	 	 	249.3692	0.92616034	 	178.54813	633.8714	 	 	 	 	 	 	 	 	 	 	 	 	 
269	 	 	 	 	 	 	249.54202	0.9327731	 	178.65813	631.4563	 	 	 	 	 	 	 	 	 	 	 	 	 
270	 	 	 	 	 	 	251.56956	0.93043476	 	178.85489	629.3165	 	 	 	 	 	 	 	 	 	 	 	 	 
271	 	 	 	 	 	 	252.93982	0.8981481	 	179.13872	627.41003	 	 	 	 	 	 	 	 	 	 	 	 	 
272	 	 	 	 	 	 	254.78847	0.8942308	 	179.43855	625.7765	 	 	 	 	 	 	 	 	 	 	 	 	 
273	 	 	 	 	 	 	255.16827	0.89903843	 	179.66872	624.64874	 	 	 	 	 	 	 	 	 	 	 	 	 
274	 	 	 	 	 	 	252.73721	0.89069766	 	179.88022	623.71796	 	 	 	 	 	 	 	 	 	 	 	 	 
275	 	 	 	 	 	 	253.15727	0.8896714	 	180.06522	623.27795	 	 	 	 	 	 	 	 	 	 	 	 	 
276	 	 	 	 	 	 	254.19083	0.8816425	 	180.33826	622.937	 	 	 	 	 	 	 	 	 	 	 	 	 
277	 	 	 	 	 	 	254.56635	0.9028436	 	180.51538	623.0615	 	 	 	 	 	 	 	 	 	 	 	 	 
278	 	 	 	 	 	 	252.71461	0.9063927	 	180.65314	623.4571	 	 	 	 	 	 	 	 	 	 	 	 	 
279	 	 	 	 	 	 	251.46902	0.9159292	 	180.90524	624.3305	 	 	 	 	 	 	 	 	 	 	 	 	 
280	 	 	 	 	 	 	252.02423	0.9273128	 	181.0321	625.2936	 	 	 	 	 	 	 	 	 	 	 	 	 
281	 	 	 	 	 	 	251.46875	0.90625	 	181.2957	626.59985	 	 	 	 	 	 	 	 	 	 	 	 	 
282	 	 	 	 	 	 	250.16383	0.9297872	 	181.4145	628.39923	 	 	 	 	 	 	 	 	 	 	 	 	 
283	 	 	 	 	 	 	249.34454	0.9285714	 	181.67496	630.3989	 	 	 	 	 	 	 	 	 	 	 	 	 
284	 	 	 	 	 	 	248.92084	0.9291667	 	181.89285	632.71277	 	 	 	 	 	 	 	 	 	 	 	 	 
285	 	 	 	 	 	 	251.39082	0.92358077	 	182.0907	635.3486	 	 	 	 	 	 	 	 	 	 	 	 	 
286	 	 	 	 	 	 	251.46902	0.9159292	 	182.261	638.28156	 	 	 	 	 	 	 	 	 	 	 	 	 
287	 	 	 	 	 	 	252.8801	0.91628957	 	182.75082	646.1751	 	 	 	 	 	 	 	 	 	 	 	 	 
288	 	 	 	 	 	 	253.11469	0.9082569	 	182.92683	647.7594	 	 	 	 	 	 	 	 	 	 	 	 	 
289	 	 	 	 	 	 	254.74286	0.9	 	183.1905	646.9447	 	 	 	 	 	 	 	 	 	 	 	 	 
290	 	 	 	 	 	 	254.78847	0.8942308	 	183.50783	645.5324	 	 	 	 	 	 	 	 	 	 	 	 	 
291	 	 	 	 	 	 	254.76794	0.8971292	 	183.48688	639.6574	 	 	 	 	 	 	 	 	 	 	 	 	 
292	 	 	 	 	 	 	253.55582	0.90465117	 	183.78882	638.648	 	 	 	 	 	 	 	 	 	 	 	 	 
293	 	 	 	 	 	 	255.13208	0.9150943	 	183.95044	638.0379	 	 	 	 	 	 	 	 	 	 	 	 	 
294	 	 	 	 	 	 	253.15277	0.9027778	 	184.18475	637.57916	 	 	 	 	 	 	 	 	 	 	 	 	 
295	 	 	 	 	 	 	253.13594	0.90553	 	184.42804	637.55725	 	 	 	 	 	 	 	 	 	 	 	 	 
296	 	 	 	 	 	 	252.66592	0.92152464	 	184.69327	637.78845	 	 	 	 	 	 	 	 	 	 	 	 	 
297	 	 	 	 	 	 	250.18803	0.9273504	 	184.83235	638.582	 	 	 	 	 	 	 	 	 	 	 	 	 
298	 	 	 	 	 	 	249.7092	0.9393305	 	185.08502	639.4769	 	 	 	 	 	 	 	 	 	 	 	 	 
299	 	 	 	 	 	 	248.97058	0.92436975	 	185.35036	640.76044	 	 	 	 	 	 	 	 	 	 	 	 	 
300	 	 	 	 	 	 	249.82759	0.9137931	 	185.8808	646.90454	 	 	 	 	 	 	 	 	 	 	 	 	 
301	 	 	 	 	 	 	249.38983	0.9237288	 	186.02464	647.9622	 	 	 	 	 	 	 	 	 	 	 	 	 
302	 	 	 	 	 	 	250.22728	0.91558444	 	186.28555	647.9781	 	 	 	 	 	 	 	 	 	 	 	 	 
303	 	 	 	 	 	 	252.8801	0.91628957	 	186.63068	647.5011	 	 	 	 	 	 	 	 	 	 	 	 	 
304	 	 	 	 	 	 	254.76794	0.8971292	 	186.95386	647.0375	 	 	 	 	 	 	 	 	 	 	 	 	 
305	 	 	 	 	 	 	254.58571	0.9	 	187.2101	646.753	 	 	 	 	 	 	 	 	 	 	 	 	 
306	 	 	 	 	 	 	253.15727	0.8896714	 	187.41676	646.8719	 	 	 	 	 	 	 	 	 	 	 	 	 
307	 	 	 	 	 	 	254.78847	0.8942308	 	187.66846	647.28436	 	 	 	 	 	 	 	 	 	 	 	 	 
308	 	 	 	 	 	 	254.36667	0.8952381	 	187.80276	647.73346	 	 	 	 	 	 	 	 	 	 	 	 	 
309	 	 	 	 	 	 	254.38516	0.8923445	 	188.15912	648.3371	 	 	 	 	 	 	 	 	 	 	 	 	 
310	 	 	 	 	 	 	253.15277	0.9027778	 	188.31837	648.22754	 	 	 	 	 	 	 	 	 	 	 	 	 
311	 	 	 	 	 	 	251.91176	0.9027149	 	188.5998	648.1148	 	 	 	 	 	 	 	 	 	 	 	 	 
312	 	 	 	 	 	 	252.04868	0.92477876	 	188.85011	647.9957	 	 	 	 	 	 	 	 	 	 	 	 	 
313	 	 	 	 	 	 	251.48666	0.91333336	 	189.12206	648.0707	 	 	 	 	 	 	 	 	 	 	 	 	 
314	 	 	 	 	 	 	251.77391	0.9347826	 	189.46448	648.32886	 	 	 	 	 	 	 	 	 	 	 	 	 
315	 	 	 	 	 	 	249.93881	0.93459916	 	189.66307	648.3682	 	 	 	 	 	 	 	 	 	 	 	 	 
316	 	 	 	 	 	 	251.42105	0.92105263	 	189.99353	648.2317	 	 	 	 	 	 	 	 	 	 	 	 	 
317	 	 	 	 	 	 	252.08296	0.91255605	 	190.1706	648.38196	 	 	 	 	 	 	 	 	 	 	 	 	 
318	 	 	 	 	 	 	252.08296	0.91255605	 	190.42728	648.4615	 	 	 	 	 	 	 	 	 	 	 	 	 
319	 	 	 	 	 	 	252.71819	0.9136364	 	190.65086	648.39655	 	 	 	 	 	 	 	 	 	 	 	 	 
320	 	 	 	 	 	 	252.45515	0.91704035	 	191.02716	648.4159	 	 	 	 	 	 	 	 	 	 	 	 	 
321	 	 	 	 	 	 	253.5701	0.9018692	 	191.33316	648.3952	 	 	 	 	 	 	 	 	 	 	 	 	 
322	 	 	 	 	 	 	254.38516	0.8923445	 	191.63963	648.41406	 	 	 	 	 	 	 	 	 	 	 	 	 
323	 	 	 	 	 	 	253.35982	0.89719623	 	191.92184	648.38544	 	 	 	 	 	 	 	 	 	 	 	 	 
324	 	 	 	 	 	 	252.51834	0.89908254	 	192.11992	648.53424	 	 	 	 	 	 	 	 	 	 	 	 	 
325	 	 	 	 	 	 	252.71461	0.9063927	 	192.25484	648.50323	 	 	 	 	 	 	 	 	 	 	 	 	 
326	 	 	 	 	 	 	253.743	0.9018692	 	192.52972	648.6104	 	 	 	 	 	 	 	 	 	 	 	 	 
327	 	 	 	 	 	 	252.73395	0.9036697	 	192.80843	648.5395	 	 	 	 	 	 	 	 	 	 	 	 	 
328	 	 	 	 	 	 	251.28223	0.9088889	 	193.06549	648.6108	 	 	 	 	 	 	 	 	 	 	 	 	 
329	 	 	 	 	 	 	250.64847	0.91484714	 	193.3782	648.69977	 	 	 	 	 	 	 	 	 	 	 	 	 
330	 	 	 	 	 	 	251.04825	0.9166667	 	193.73158	648.77747	 	 	 	 	 	 	 	 	 	 	 	 	 
331	 	 	 	 	 	 	251.68303	0.91071427	 	193.98721	648.6802	 	 	 	 	 	 	 	 	 	 	 	 	 
332	 	 	 	 	 	 	251.68303	0.91071427	 	194.20607	648.8248	 	 	 	 	 	 	 	 	 	 	 	 	 
333	 	 	 	 	 	 	251.49103	0.90358746	 	194.47116	648.77136	 	 	 	 	 	 	 	 	 	 	 	 	 
334	 	 	 	 	 	 	252.31363	0.9045454	 	194.65335	648.94305	 	 	 	 	 	 	 	 	 	 	 	 	 
335	 	 	 	 	 	 	253.15277	0.9027778	 	194.92479	648.893	 	 	 	 	 	 	 	 	 	 	 	 	 
336	 	 	 	 	 	 	253.11469	0.9082569	 	195.2981	648.98944	 	 	 	 	 	 	 	 	 	 	 	 	 
337	 	 	 	 	 	 	252.53687	0.89631337	 	195.61678	648.88745	 	 	 	 	 	 	 	 	 	 	 	 	 
338	 	 	 	 	 	 	252.13303	0.8944954	 	195.85579	649.09686	 	 	 	 	 	 	 	 	 	 	 	 	 
339	 	 	 	 	 	 	252.71461	0.9063927	 	196.23973	649.1185	 	 	 	 	 	 	 	 	 	 	 	 	 
340	 	 	 	 	 	 	252.73395	0.9036697	 	196.38866	649.1218	 	 	 	 	 	 	 	 	 	 	 	 	 
341	 	 	 	 	 	 	251.89189	0.9054054	 	196.60922	649.01324	 	 	 	 	 	 	 	 	 	 	 	 	 
342	 	 	 	 	 	 	251.68303	0.91071427	 	196.92436	649.17334	 	 	 	 	 	 	 	 	 	 	 	 	 
343	 	 	 	 	 	 	251.2991	0.90625	 	197.16562	649.3767	 	 	 	 	 	 	 	 	 	 	 	 	 
344	 	 	 	 	 	 	251.44273	0.9185022	 	197.48848	649.3775	 	 	 	 	 	 	 	 	 	 	 	 	 
345	 	 	 	 	 	 	251.68303	0.91071427	 	197.7943	649.17615	 	 	 	 	 	 	 	 	 	 	 	 	 
346	 	 	 	 	 	 	252.04868	0.92477876	 	197.99634	649.1618	 	 	 	 	 	 	 	 	 	 	 	 	 
347	 	 	 	 	 	 	252.26785	0.91964287	 	198.33492	649.19714	 	 	 	 	 	 	 	 	 	 	 	 	 
348	 	 	 	 	 	 	252.92465	0.9109589	 	198.56374	649.2555	 	 	 	 	 	 	 	 	 	 	 	 	 
349	 	 	 	 	 	 	251.509	0.9009009	 	198.98384	649.4249	 	 	 	 	 	 	 	 	 	 	 	 	 
350	 	 	 	 	 	 	253.13594	0.90553	 	199.27673	649.59033	 	 	 	 	 	 	 	 	 	 	 	 	 
351	 	 	 	 	 	 	252.31363	0.9045454	 	199.62396	649.57605	 	 	 	 	 	 	 	 	 	 	 	 	 
352	 	 	 	 	 	 	251.91176	0.9027149	 	199.84547	649.43134	 	 	 	 	 	 	 	 	 	 	 	 	 
353	 	 	 	 	 	 	253.13594	0.90553	 	200.2082	649.3567	 	 	 	 	 	 	 	 	 	 	 	 	 
354	 	 	 	 	 	 	252.31363	0.9045454	 	200.47925	649.5	 	 	 	 	 	 	 	 	 	 	 	 	 
355	 	 	 	 	 	 	252.66592	0.92152464	 	200.80595	649.72174	 	 	 	 	 	 	 	 	 	 	 	 	 
356	 	 	 	 	 	 	252.1036	0.9099099	 	201.10353	649.5999	 	 	 	 	 	 	 	 	 	 	 	 	 
357	 	 	 	 	 	 	252.05803	0.9151786	 	201.3858	649.8241	 	 	 	 	 	 	 	 	 	 	 	 	 
358	 	 	 	 	 	 	251.67857	0.91071427	 	201.66269	649.6751	 	 	 	 	 	 	 	 	 	 	 	 	 
359	 	 	 	 	 	 	251.46902	0.9159292	 	201.94298	649.77594	 	 	 	 	 	 	 	 	 	 	 	 	 
360	 	 	 	 	 	 	252.24222	0.9222222	 	202.30757	649.7446	 	 	 	 	 	 	 	 	 	 	 	 	 
361	 	 	 	 	 	 	251.08928	0.90178573	 	202.62038	649.7572	 	 	 	 	 	 	 	 	 	 	 	 	 
362	 	 	 	 	 	 	251.2991	0.90625	 	202.94081	649.9684	 	 	 	 	 	 	 	 	 	 	 	 	 
363	 	 	 	 	 	 	251.5045	0.9009009	 	203.28781	650.06244	 	 	 	 	 	 	 	 	 	 	 	 	 
364	 	 	 	 	 	 	252.6892	0.9189189	 	203.65494	649.95056	 	 	 	 	 	 	 	 	 	 	 	 	 
365	 	 	 	 	 	 	251.92728	0.9	 	203.90102	650.02997	 	 	 	 	 	 	 	 	 	 	 	 	 
366	 	 	 	 	 	 	252.73395	0.9036697	 	204.23245	649.8561	 	 	 	 	 	 	 	 	 	 	 	 	 
367	 	 	 	 	 	 	252.3091	0.9045454	 	204.53952	650.04205	 	 	 	 	 	 	 	 	 	 	 	 	 
368	 	 	 	 	 	 	252.71461	0.9063927	 	204.93915	650.13086	 	 	 	 	 	 	 	 	 	 	 	 	 
369	 	 	 	 	 	 	251.9036	0.91255605	 	205.15482	650.12134	 	 	 	 	 	 	 	 	 	 	 	 	 
370	 	 	 	 	 	 	251.28223	0.9088889	 	205.57536	650.18024	 	 	 	 	 	 	 	 	 	 	 	 	 
371	 	 	 	 	 	 	252.48198	0.9144144	 	205.79495	650.2253	 	 	 	 	 	 	 	 	 	 	 	 	 
372	 	 	 	 	 	 	251.26106	0.91150445	 	206.20232	650.26996	 	 	 	 	 	 	 	 	 	 	 	 	 
373	 	 	 	 	 	 	251.46902	0.9159292	 	206.501	650.218	 	 	 	 	 	 	 	 	 	 	 	 	 
374	 	 	 	 	 	 	251.26106	0.91150445	 	206.8716	650.37415	 	 	 	 	 	 	 	 	 	 	 	 	 
375	 	 	 	 	 	 	252.42035	0.9292035	 	207.08788	650.43134	 	 	 	 	 	 	 	 	 	 	 	 	 
376	 	 	 	 	 	 	250.26419	0.9104803	 	207.54935	650.504	 	 	 	 	 	 	 	 	 	 	 	 	 
377	 	 	 	 	 	 	251.06828	0.9140969	 	207.74297	650.4769	 	 	 	 	 	 	 	 	 	 	 	 	 
378	 	 	 	 	 	 	252.08296	0.91255605	 	208.09013	650.3923	 	 	 	 	 	 	 	 	 	 	 	 	 
379	 	 	 	 	 	 	252.05803	0.9151786	 	208.47911	650.698	 	 	 	 	 	 	 	 	 	 	300.66364	670.2182	 
380	 	 	 	 	 	 	252.71461	0.9063927	 	208.85464	650.5959	 	 	 	 	 	 	 	 	 	 	301.30695	670.56433	 
381	 	 	 	 	 	 	253.34186	0.9	 	209.14612	650.7634	 	 	 	 	 	 	 	 	 	 	301.35513	670.3925	 
382	 	 	 	 	 	 	253.7258	0.9147465	 	209.52498	650.7008	 	 	 	 	 	 	 	 	 	 	301.31094	670.699	 
383	 	 	 	 	 	 	252.53687	0.89631337	 	209.81157	650.8017	 	 	 	 	 	 	 	 	 	 	301.50906	669.72174	 
384	 	 	 	 	 	 	252.70815	0.91628957	 	210.22493	650.80286	 	 	 	 	 	 	 	 	 	 	301.35437	670.5243	 
385	 	 	 	 	 	 	252.06502	0.91255605	 	210.56126	650.88635	 	 	 	 	 	 	 	 	 	 	301.51376	669.73395	 
386	 	 	 	 	 	 	251.10089	0.89910316	 	210.95654	650.82666	 	 	 	 	 	 	 	 	 	 	301.68225	670.3818	 
387	 	 	 	 	 	 	251.60043	0.9279476	 	211.16602	651.0478	 	 	 	 	 	 	 	 	 	 	301.47684	670.2361	 
388	 	 	 	 	 	 	249.86087	0.90869564	 	211.59415	651.0372	 	 	 	 	 	 	 	 	 	 	301.62796	670.14453	 
389	 	 	 	 	 	 	251.56956	0.93043476	 	211.94095	651.0443	 	 	 	 	 	 	 	 	 	 	301.29822	669.82733	 
390	 	 	 	 	 	 	250.55983	0.93162394	 	212.21626	651.0	 	 	 	 	 	 	 	 	 	 	301.63107	670.31067	 
391	 	 	 	 	 	 	251.77391	0.9347826	 	212.68701	651.28	 	 	 	 	 	 	 	 	 	 	301.42627	670.1129	 
392	 	 	 	 	 	 	250.60776	0.92672414	 	213.05089	651.2427	 	 	 	 	 	 	 	 	 	 	301.57907	670.1	 
393	 	 	 	 	 	 	251.04825	0.9166667	 	213.344	651.312	 	 	 	 	 	 	 	 	 	 	301.02942	670.9167	 
394	 	 	 	 	 	 	251.91176	0.9027149	 	213.64201	651.14545	 	 	 	 	 	 	 	 	 	 	300.9861	670.5139	 
395	 	 	 	 	 	 	253.32568	0.91284406	 	214.1109	651.2549	 	 	 	 	 	 	 	 	 	 	301.32553	669.5723	 
396	 	 	 	 	 	 	252.73395	0.9036697	 	214.37819	651.2004	 	 	 	 	 	 	 	 	 	 	 	 	 

Track 	Length	Distance traveled	Nr of Frames
1	12.704824	5.537261	98
2	72.616104	1.382347	153
3	426.04172	93.8787	295
4	1218.183	605.0746	295
5	4.526997	0.15891287	11
6	6.645182	0.9121401	20
7	6.1944065	0.49610278	17
8	8.810073	0.92480224	17
